sc time,telem1,telem2,telem3,telem4
4/7/2025 17:28,30.37631835,2.376150718,-11.43031192,
4/7/2025 17:42,30.43296781,2.91407896,-11.08929851,
4/7/2025 17:56,30.94719419,2.339044202,-11.01276266,
4/7/2025 18:11,30.48703354,2.853669271,-11.10696174,
4/7/2025 18:25,30.38873354,2.373925021,-11.4018732,
4/7/2025 18:40,30.24827765,2.01348988,-11.0962691,
4/7/2025 18:54,30.46007042,2.690577655,-11.38593583,
4/7/2025 19:08,30.09514581,2.366566744,-11.1365776,
4/7/2025 19:23,30.59703206,2.232602786,-11.63330695,
4/7/2025 19:37,30.90742438,2.23431497,-11.61515333,
4/7/2025 19:52,30.01299988,2.406141881,-11.46552197,
4/7/2025 20:06,30.57405631,2.34693437,-11.53543061,
4/7/2025 20:20,30.15309257,2.601688845,-11.36009649,
4/7/2025 20:35,30.80595757,2.86074679,-11.74144972,
4/7/2025 20:49,30.26332017,2.456351654,-11.19380294,
4/7/2025 21:04,30.99543909,2.501668329,-11.02085253,
4/7/2025 21:18,30.98011462,2.334829469,-11.73984109,
4/7/2025 21:32,30.40000308,2.112634581,-11.5393907,
4/7/2025 21:47,30.27810457,2.586920909,-11.23736359,
4/7/2025 22:01,30.24779591,2.571773402,-11.06653519,
4/7/2025 22:16,30.38103259,2.274268014,-11.28895011,
4/7/2025 22:30,30.05016558,2.678133236,-11.04218754,
4/7/2025 22:44,30.98866827,2.926232425,-11.60116427,
4/7/2025 22:59,30.12427667,2.186275732,-11.12939766,
4/7/2025 23:13,30.45225378,2.843735882,-11.64183678,
4/7/2025 23:28,30.88303681,2.200062494,-11.01932684,
4/7/2025 23:42,30.06933164,2.295245351,-11.8214666,
4/7/2025 23:56,30.01313395,2.912642,-11.77170627,
4/8/2025 0:11,30.5785759,2.430588633,-11.66928678,
4/8/2025 0:25,30.31790699,2.75123247,-11.56100649,
4/8/2025 0:40,30.01751124,2.790584066,-11.6858805,
4/8/2025 0:54,30.15927953,2.906947247,-11.82287019,
4/8/2025 1:08,30.6214375,2.686055018,-11.04564272,
4/8/2025 1:23,30.40353767,2.164875134,-11.95143738,
4/8/2025 1:37,30.0717182,2.937847735,-11.73591243,
4/8/2025 1:52,30.50203389,2.125581746,-11.54887541,
4/8/2025 2:06,30.36832553,2.323004209,-11.56651561,
4/8/2025 2:20,30.40563582,2.366835935,-11.20074806,
4/8/2025 2:35,30.32241296,2.222925585,-11.16916691,
4/8/2025 2:49,30.59352696,2.944548923,-11.459789,
4/8/2025 3:04,30.50440143,2.588587736,-11.50140661,
4/8/2025 3:18,30.70737308,2.83551699,-11.50094814,
4/8/2025 3:32,30.54210598,2.14433437,-11.2523971,
4/8/2025 3:47,30.66354805,2.530644672,-11.65142434,
4/8/2025 4:01,30.92182968,2.375712831,-11.99522747,
4/8/2025 4:16,30.22396746,2.235448947,-11.08330827,
4/8/2025 4:30,30.23789745,2.643636474,-11.67550647,
4/8/2025 4:44,30.3206657,2.373480035,-11.25506419,
4/8/2025 4:59,30.2663481,2.2310847,-11.71185938,
4/8/2025 5:13,30.79994458,2.565552934,-11.5450221,
4/8/2025 5:28,30.25364116,2.252999732,-11.11548302,
4/8/2025 5:42,30.5202336,2.576924,-11.71746158,
4/8/2025 5:56,30.20550894,2.03338204,-11.87040937,
4/8/2025 6:11,30.51276782,2.524039018,-11.67365757,
4/8/2025 6:25,30.49103817,2.180713061,-11.9973291,
4/8/2025 6:40,30.48923859,2.761423503,-11.91452114,
4/8/2025 6:54,30.34020921,2.804774416,-11.65760928,
4/8/2025 7:08,30.33393526,2.637418074,-11.7611504,
4/8/2025 7:23,30.70096096,2.215047381,-11.36203546,
4/8/2025 7:37,30.66154244,2.558546424,-11.74598483,
4/8/2025 7:52,30.77421265,2.66926365,-11.05489602,
4/8/2025 8:06,30.12051942,2.733582524,-11.13560711,
4/8/2025 8:20,30.87759651,2.794894097,-11.07940217,
4/8/2025 8:35,30.84486609,2.007781691,-11.03765799,
4/8/2025 8:49,30.63613725,2.680497382,-11.81891951,
4/8/2025 9:04,30.33454224,2.973616979,-11.01772078,
4/8/2025 9:18,30.92869181,2.533099804,-11.6493179,
4/8/2025 9:32,30.23492104,2.03616368,-11.79609437,
4/8/2025 9:47,30.89783102,2.921344132,-11.85499091,
4/8/2025 10:01,30.74688362,2.359401647,-11.66849597,
4/8/2025 10:16,30.83689386,2.938120042,-11.75761504,
4/8/2025 10:30,30.84898437,2.859253997,-11.37942837,
4/8/2025 10:44,30.61591815,2.619623998,-11.92586911,
4/8/2025 10:59,30.02438956,2.076402292,-11.18915059,
4/8/2025 11:13,30.47282267,2.708208285,-11.3266197,
4/8/2025 11:28,30.64215728,2.221702863,-11.41223868,
4/8/2025 11:42,30.78401766,2.860749718,-11.54411188,
4/8/2025 11:56,30.73496095,2.291347051,-11.79063742,
4/8/2025 12:11,30.40002826,2.133500217,-11.20883043,
4/8/2025 12:25,30.57001553,2.110325641,-11.6181759,
4/8/2025 12:40,30.54890315,2.519977433,-11.84959318,
4/8/2025 12:54,30.93364028,2.988642875,-11.6262997,
4/8/2025 13:08,30.01278477,2.482598664,-11.98311573,
4/8/2025 13:23,30.70867776,2.7237845,-11.25105105,
4/8/2025 13:37,30.07121378,2.51578524,-11.66433974,
4/8/2025 13:52,30.99254858,2.571486799,-11.97981333,
4/8/2025 14:06,30.50983862,2.783911501,-11.44512249,
4/8/2025 14:20,30.3214332,2.379755602,-11.3863869,
4/8/2025 14:35,30.88677618,2.705739534,-11.39277104,
4/8/2025 14:49,30.8452485,2.919579555,-11.28011938,
4/8/2025 15:04,30.09381544,2.721177678,-11.93458778,
4/8/2025 15:18,30.36794132,2.61179969,-11.59909485,
4/8/2025 15:32,30.1131715,2.369970001,-11.39565679,
4/8/2025 15:47,30.92383701,2.596155831,-11.03524754,
4/8/2025 16:01,30.6151492,2.60657308,-11.68797116,
4/8/2025 16:16,30.29558594,2.312947562,-11.98746521,
4/8/2025 16:30,30.10807742,2.421003151,-11.00971286,
4/8/2025 16:44,30.39870595,2.312660827,-11.79363987,
4/8/2025 16:59,30.22421999,2.865969264,-11.18425449,
4/8/2025 17:13,30.85688243,2.366427433,-11.33414473,
4/8/2025 17:28,30.52730735,2.774632198,-11.43979031,
4/8/2025 17:42,30.0221566,2.635771222,-11.33120747,
4/8/2025 17:56,30.60043406,2.363638034,-11.4229907,
4/8/2025 18:11,30.01563086,2.969288314,-11.13461648,
4/8/2025 18:25,30.47286229,2.660204231,-11.88689278,
4/8/2025 18:40,30.59515574,2.155673714,-11.12783059,
4/8/2025 18:54,30.82463903,2.778536627,-11.01448893,
4/8/2025 19:08,30.12857584,2.564530254,-11.94001711,
4/8/2025 19:23,30.52494509,2.989080279,-11.30308364,
4/8/2025 19:37,30.0325373,2.930837457,-11.20639606,
4/8/2025 19:52,30.9530319,2.303275831,-11.25497644,
4/8/2025 20:06,30.64789346,2.626133504,-11.2717735,
4/8/2025 20:20,30.75464647,2.401091841,-11.70878408,
4/8/2025 20:35,30.52848488,2.139060492,-11.33590237,
4/8/2025 20:49,30.74238876,2.636171046,-11.89564148,
4/8/2025 21:04,30.89534934,2.278590124,-11.78125475,
4/8/2025 21:18,30.50475097,2.100373692,-11.47229572,
4/8/2025 21:32,30.37008641,2.791467073,-11.10859752,
4/8/2025 21:47,30.59487716,2.556561252,-11.094867,
4/8/2025 22:01,30.32620509,2.302677784,-11.21663476,
4/8/2025 22:16,30.44225243,2.491812858,-11.47860552,
4/8/2025 22:30,30.07237284,2.550434904,-11.53621531,
4/8/2025 22:44,30.48710639,2.120698396,-11.09218779,
4/8/2025 22:59,30.4068937,2.095797038,-11.03944818,
4/8/2025 23:13,30.74327869,2.387162115,-11.68651045,
4/8/2025 23:28,30.08241405,2.419921055,-11.16839867,
4/8/2025 23:42,30.34118636,2.915164438,-11.25190858,
4/8/2025 23:56,30.47489879,2.666642754,-11.04588622,
4/9/2025 0:11,30.2132733,2.902216398,-11.62668512,
4/9/2025 0:25,30.99338138,2.263170961,-11.79870221,
4/9/2025 0:40,30.08187593,2.545596007,-11.46541635,
4/9/2025 0:54,30.78987069,2.133276125,-11.89147593,
4/9/2025 1:08,30.79248868,2.196675623,-11.26540751,
4/9/2025 1:23,30.46847123,2.830244165,-11.08336656,
4/9/2025 1:37,30.24209464,2.040690594,-11.14430762,
4/9/2025 1:52,30.22875816,2.555220799,-11.23634968,
4/9/2025 2:06,30.72798736,2.0524025,-11.02348866,
4/9/2025 2:20,30.03777732,2.815212293,-11.41707928,
4/9/2025 2:35,30.130743,2.076208335,-11.63431881,
4/9/2025 2:49,30.29856375,2.989865713,-11.3987396,
4/9/2025 3:04,30.41039891,2.100289964,-11.89898786,
4/9/2025 3:18,30.19322037,2.5892258,-11.05817217,
4/9/2025 3:32,30.84751517,2.374253529,-11.74063595,
4/9/2025 3:47,30.16869678,2.283688349,-11.14867928,
4/9/2025 4:01,30.07558866,2.98949267,-11.98906876,
4/9/2025 4:16,30.14282597,2.933155308,-11.60430919,
4/9/2025 4:30,30.23924176,2.38590864,-11.60322426,
4/9/2025 4:44,30.44793723,2.172461238,-11.13762877,
4/9/2025 4:59,30.1548834,2.006651331,-11.5778483,
4/9/2025 5:13,30.01675455,2.822958394,-11.96142917,
4/9/2025 5:28,30.23739432,2.871579597,-11.05766107,
4/9/2025 5:42,30.50816815,2.960865052,-11.63203705,
4/9/2025 5:56,30.52155001,2.83249063,-11.61135576,
4/9/2025 6:11,30.27781105,2.541858311,-11.19841379,
4/9/2025 6:25,30.87173101,2.189565203,-11.45449477,
4/9/2025 6:40,30.51029933,2.492270798,-11.95709251,
4/9/2025 6:54,30.9346371,2.966196869,-11.98660818,
4/9/2025 7:08,30.43097781,2.798262789,-11.08778074,
4/9/2025 7:23,30.64676934,2.888462176,-11.55136293,
4/9/2025 7:37,30.57322596,2.065803139,-11.45058966,
4/9/2025 7:52,30.84629514,2.149513927,-11.9473357,
4/9/2025 8:06,30.21883654,2.71719792,-11.80696805,
4/9/2025 8:20,30.15337715,2.605983885,-11.59324246,
4/9/2025 8:35,30.02314652,2.312708867,-11.46316709,
4/9/2025 8:49,30.40932797,2.709612538,-11.95386985,
4/9/2025 9:04,30.78776468,2.521621192,-11.32374054,
4/9/2025 9:18,30.63992518,2.0412008,-11.19003876,
4/9/2025 9:32,30.22823382,2.918969896,-11.78228656,
4/9/2025 9:47,30.67081698,2.112165866,-11.30053438,
4/9/2025 10:01,30.72587703,2.904396311,-11.93407022,
4/9/2025 10:16,30.69698538,2.082592258,-11.14975758,
4/9/2025 10:30,30.91421477,2.324871769,-11.27084511,
4/9/2025 10:44,30.13678035,2.778434339,-11.77085461,
4/9/2025 10:59,30.65356655,2.008265565,-11.21108496,
4/9/2025 11:13,30.51562851,2.327306353,-11.57034473,
4/9/2025 11:28,30.99901186,2.350795018,-11.60468967,
4/9/2025 11:42,30.04785688,2.025063211,-11.33214106,
4/9/2025 11:56,30.49133259,2.492024389,-11.38990457,
4/9/2025 12:11,30.25582771,2.091980304,-11.76969052,
4/9/2025 12:25,30.67931143,2.284109702,-11.50171566,
4/9/2025 12:40,30.23521073,2.246988625,-11.65234025,
4/9/2025 12:54,30.23293489,2.640950385,-11.1423955,
4/9/2025 13:08,30.78376852,2.436390011,-11.65852027,
4/9/2025 13:23,30.40674518,2.480642779,-11.57458859,
4/9/2025 13:37,30.70841325,2.502003765,-11.26887046,
4/9/2025 13:52,30.20738592,2.268554375,-11.0992957,
4/9/2025 14:06,30.21376729,2.214605274,-11.52633588,
4/9/2025 14:20,30.71686508,2.581266588,-11.32612391,
4/9/2025 14:35,30.69711647,2.729428416,-11.62503406,
4/9/2025 14:49,30.47031902,2.219809848,-11.71531514,
4/9/2025 15:04,30.93097671,2.07360246,-11.02920721,
4/9/2025 15:18,30.39049313,2.776587029,-11.18990292,
4/9/2025 15:32,30.04933731,2.793245905,-11.42013916,
4/9/2025 15:47,30.0759264,2.518597711,-11.08183735,
4/9/2025 16:01,30.28998597,2.743894993,-11.74561674,
4/9/2025 16:16,30.70607094,2.099227698,-11.96888642,
4/9/2025 16:30,30.40612555,2.674433025,-11.13902681,
4/9/2025 16:44,30.61197047,2.442158783,-11.38830363,
4/9/2025 16:59,30.94622315,2.878775951,-11.19596445,
4/9/2025 17:13,30.91981252,2.998131705,-11.53961505,
4/9/2025 17:28,30.73949664,2.799948055,-11.02251064,
4/9/2025 17:42,30.30171498,2.129285161,-11.97010737,
4/9/2025 17:56,30.13326241,2.305610394,-11.84384774,
4/9/2025 18:11,30.2075327,2.256149104,-11.32702952,
4/9/2025 18:25,30.69125344,2.779104326,-11.16668095,
4/9/2025 18:40,30.62795925,2.681112726,-11.31976743,
4/9/2025 18:54,30.0313531,2.384902069,-11.77359295,
4/9/2025 19:08,30.32478787,2.826268979,-11.80037707,
4/9/2025 19:23,30.77981989,2.563825558,-11.37025741,
4/9/2025 19:37,30.76976055,2.92525349,-11.59385497,
4/9/2025 19:52,30.20221727,2.768406248,-11.0874866,
4/9/2025 20:06,30.43464561,2.765183581,-11.01708735,
4/9/2025 20:20,30.53272986,2.549749429,-11.63398215,
4/9/2025 20:35,30.5698136,2.533881844,-11.90663251,
4/9/2025 20:49,30.49017417,2.626315555,-11.19283682,
4/9/2025 21:04,30.65180769,2.769156205,-11.9590774,
4/9/2025 21:18,30.29878934,2.962239129,-11.66845614,
4/9/2025 21:32,30.81231197,2.161959278,-11.99869238,
4/9/2025 21:47,30.22379783,2.598800439,-11.11110409,
4/9/2025 22:01,30.06845553,2.288036607,-11.07866371,
4/9/2025 22:16,30.45083647,2.08012619,-11.25606651,
4/9/2025 22:30,30.2987897,2.126343421,-11.37825548,
4/9/2025 22:44,30.62346394,2.783345608,-11.8298082,
4/9/2025 22:59,30.62648369,2.106974513,-11.86679182,
4/9/2025 23:13,30.86304847,2.246704551,-11.05453015,
4/9/2025 23:28,30.95371776,2.418622623,-11.66006957,
4/9/2025 23:42,30.02152973,2.851833024,-11.6244136,
4/9/2025 23:56,30.26522249,2.267548347,-11.54715255,
4/10/2025 0:11,30.88948149,2.540172603,-11.32966143,
4/10/2025 0:25,30.79307321,2.844986947,-11.96647581,
4/10/2025 0:40,30.00647033,2.456991663,-11.5124301,
4/10/2025 0:54,30.03394951,2.648896603,-11.62312443,
4/10/2025 1:08,30.08280653,2.515169042,-11.13634783,
4/10/2025 1:23,30.70246128,2.494425667,-11.37918318,
4/10/2025 1:37,30.48139931,2.720345543,-11.18998924,
4/10/2025 1:52,30.53961928,2.572184411,-11.95316539,
4/10/2025 2:06,30.37201897,2.401967384,-11.73659037,
4/10/2025 2:20,30.08454221,2.88227483,-11.55137925,
4/10/2025 2:35,30.91706462,2.850969576,-11.98375682,
4/10/2025 2:49,30.43950327,2.775038078,-11.89514287,
4/10/2025 3:04,30.79249839,2.967037517,-11.19616997,
4/10/2025 3:18,30.33876468,2.717339313,-11.6323283,
4/10/2025 3:32,30.88952352,2.731138017,-11.2970773,
4/10/2025 3:47,30.67368514,2.050057383,-11.2725921,
4/10/2025 4:01,30.99909349,2.779015596,-11.1861289,
4/10/2025 4:16,30.82063534,2.23907562,-11.46275847,
4/10/2025 4:30,30.74701685,2.058161629,-11.89758284,
4/10/2025 4:44,30.99097259,2.854130694,-11.91680047,
4/10/2025 4:59,30.6310625,2.613870404,-11.28967301,
4/10/2025 5:13,30.66106764,2.734720476,-11.02995188,
4/10/2025 5:28,30.01949498,2.880338163,-11.50259735,
4/10/2025 5:42,30.46829579,2.630416418,-11.52596716,
4/10/2025 5:56,30.48741361,2.12922669,-11.24039519,
4/10/2025 6:11,30.15857237,2.387094667,-11.05634675,
4/10/2025 6:25,30.90594133,2.515661733,-11.09822266,
4/10/2025 6:40,30.83831728,2.668232002,-11.85462185,
4/10/2025 6:54,30.18521769,2.587078105,-11.60347283,
4/10/2025 7:08,30.89131542,2.25260013,-11.14838928,
4/10/2025 7:23,30.78721191,2.243406812,-11.79216931,
4/10/2025 7:37,30.53582822,2.317626768,-11.66239888,
4/10/2025 7:52,30.53999887,2.166818484,-11.79072056,
4/10/2025 8:06,30.27607515,2.545457511,-11.77226716,
4/10/2025 8:20,30.69071656,2.795640954,-11.2103821,
4/10/2025 8:35,30.25017144,2.983983024,-11.53885116,
4/10/2025 8:49,30.57486631,2.94727659,-11.70890112,
4/10/2025 9:04,30.10394128,2.032655007,-11.2542674,
4/10/2025 9:18,30.82739451,2.007672001,-11.18483726,
4/10/2025 9:32,30.71939016,2.356941076,-11.67308936,
4/10/2025 9:47,30.50666594,2.553050142,-11.6768571,
4/10/2025 10:01,30.9266436,2.962456614,-11.97161924,
4/10/2025 10:16,30.25859368,2.956269844,-11.99112119,
4/10/2025 10:30,30.59601754,2.412946024,-11.70869172,
4/10/2025 10:44,30.00394825,2.785573957,-11.23594444,
4/10/2025 10:59,30.98878176,2.850918921,-11.89299518,
4/10/2025 11:13,30.6310107,2.067652162,-11.5077902,
4/10/2025 11:28,30.01040259,2.363787103,-11.99795066,
4/10/2025 11:42,30.43526059,2.25137725,-11.04145593,
4/10/2025 11:56,30.62851031,2.992443668,-11.39188021,
4/10/2025 12:11,30.98896819,2.328773506,-11.27318505,
4/10/2025 12:25,30.14995098,2.781266745,-11.82745065,
4/10/2025 12:40,30.79358245,2.250483994,-11.07857973,
4/10/2025 12:54,30.10316206,2.57486901,-11.04282255,
4/10/2025 13:08,30.50716434,2.842680636,-11.71557415,
4/10/2025 13:23,30.50368349,2.631071188,-11.5521236,
4/10/2025 13:37,30.01462647,2.562756689,-11.47009273,
4/10/2025 13:52,30.21502894,2.895480303,-11.12045179,
4/10/2025 14:06,30.0428691,2.652336723,-11.77796217,
4/10/2025 14:20,30.50787994,2.159356666,-11.72564438,
4/10/2025 14:35,30.13004698,2.172569716,-11.51570889,
4/10/2025 14:49,30.69421782,2.823816618,-11.64221444,
4/10/2025 15:04,30.13324478,2.401823759,-11.80178595,
4/10/2025 15:18,30.07149003,2.018828758,-11.7846912,
4/10/2025 15:32,30.88098196,2.867837986,-11.94204885,
4/10/2025 15:47,30.85739731,2.708357373,-11.91125892,
4/10/2025 16:01,30.42226943,2.305768436,-11.59850875,
4/10/2025 16:16,30.59886563,2.37723053,-11.69812499,
4/10/2025 16:30,30.12438252,2.664049802,-11.32076152,
4/10/2025 16:44,30.49088903,2.011131161,-11.36053999,
4/10/2025 16:59,30.83778328,2.616205655,-11.65015276,
4/10/2025 17:13,30.12988737,2.383417146,-11.71318905,
4/10/2025 17:28,30.0416207,2.964345273,-11.91252582,
4/10/2025 17:42,30.29630479,2.069706868,-11.39413567,
4/10/2025 17:56,30.45944895,2.203870224,-11.96609862,
4/10/2025 18:11,30.97251507,2.785539503,-11.48519725,
4/10/2025 18:25,30.59035699,2.334902789,-11.31334059,
4/10/2025 18:40,30.16131693,2.465886073,-11.24001117,
4/10/2025 18:54,30.04567012,2.495844449,-11.53746404,
4/10/2025 19:08,30.52593426,2.38134184,-11.58993284,
4/10/2025 19:23,30.3883104,2.74490139,-11.86426009,
4/10/2025 19:37,30.7973217,2.293464297,-11.22103738,
4/10/2025 19:52,30.01843632,2.0122243,-11.08205603,
4/10/2025 20:06,30.85707516,2.002120633,-11.91992264,
4/10/2025 20:20,30.69918519,2.55742937,-11.13851827,
4/10/2025 20:35,30.8239331,2.609891132,-11.42528391,
4/10/2025 20:49,30.26390256,2.083553257,-11.22892361,
4/10/2025 21:04,30.14100462,2.867024868,-11.77484128,
4/10/2025 21:18,30.65638844,2.993496347,-11.99955984,
4/10/2025 21:32,30.02167032,2.545655512,-11.38681846,
4/10/2025 21:47,30.40149728,2.008128307,-11.97585737,
4/10/2025 22:01,30.71638197,2.372377498,-11.99691806,
4/10/2025 22:16,30.98075599,2.380198916,-11.17010038,
4/10/2025 22:30,30.52427727,2.8280837,-11.80989022,
4/10/2025 22:44,30.09218358,2.553825171,-11.91018963,
4/10/2025 22:59,30.58776085,2.689909774,-11.51292929,
4/10/2025 23:13,30.83294697,2.25757919,-11.34449259,
4/10/2025 23:28,30.25825452,2.171815392,-11.08869826,
4/10/2025 23:42,30.59731682,2.0791182,-11.80883168,
4/10/2025 23:56,30.04247458,2.577048277,-11.54397358,
4/11/2025 0:11,30.94285507,2.779192931,-11.45450206,
4/11/2025 0:25,30.36776744,2.125774138,-11.65220458,
4/11/2025 0:40,30.34567203,2.548443088,-11.11109913,
4/11/2025 0:54,30.93525106,2.707805599,-11.30337946,
4/11/2025 1:08,30.96580989,2.838774326,-11.96510946,
4/11/2025 1:23,30.06099949,2.221397939,-11.2361119,
4/11/2025 1:37,30.26944855,2.567182397,-11.16175583,
4/11/2025 1:52,30.90382644,2.431072904,-11.91572283,
4/11/2025 2:06,30.3444583,2.12110535,-11.35269586,
4/11/2025 2:20,30.66154285,2.178127491,-11.52561488,
4/11/2025 2:35,30.14703259,2.527771961,-11.78445722,
4/11/2025 2:49,30.01837064,2.441235887,-11.00395963,
4/11/2025 3:04,30.63748815,2.176500713,-11.64520151,
4/11/2025 3:18,30.20951461,2.898749257,-11.82768821,
4/11/2025 3:32,30.10670221,2.627651967,-11.93900522,
4/11/2025 3:47,30.32372773,2.559350677,-11.9313295,
4/11/2025 4:01,30.64358365,2.177282297,-11.85279209,
4/11/2025 4:16,30.67656477,2.66567926,-11.56276184,
4/11/2025 4:30,30.30858301,2.537250269,-11.36278725,
4/11/2025 4:44,30.86542019,2.201763482,-11.6050827,
4/11/2025 4:59,30.23871457,2.895034674,-11.62362129,
4/11/2025 5:13,30.02062976,2.567636024,-11.75324917,
4/11/2025 5:28,30.9691403,2.263145476,-11.5523163,
4/11/2025 5:42,30.94316007,2.061979062,-11.60178613,
4/11/2025 5:56,30.35244367,2.272545428,-11.38249541,
4/11/2025 6:11,30.25088345,2.069795877,-11.24497266,
4/11/2025 6:25,30.96417709,2.304629972,-11.02140037,
4/11/2025 6:40,30.48136844,2.148408891,-11.11673544,
4/11/2025 6:54,30.80671892,2.346425312,-11.16340944,
4/11/2025 7:08,30.25412987,2.067970382,-11.50133557,
4/11/2025 7:23,30.67671317,2.198167165,-11.265954,
4/11/2025 7:37,30.27749564,2.519163348,-11.5149622,
4/11/2025 7:52,30.92161761,2.10585212,-11.9448547,
4/11/2025 8:06,30.92213724,2.879881319,-11.27071022,
4/11/2025 8:20,30.72736179,2.003806304,-11.14655189,
4/11/2025 8:35,30.27585667,2.296570556,-11.86398131,
4/11/2025 8:49,30.50618707,2.43847469,-11.53234244,
4/11/2025 9:04,30.91744099,2.44932756,-11.94565777,
4/11/2025 9:18,30.63873682,2.46263287,-11.81491654,
4/11/2025 9:32,30.68033295,2.967051963,-11.38288769,
4/11/2025 9:47,30.26101406,2.488976171,-11.35348225,
4/11/2025 10:01,30.66837324,2.587508448,-11.29583425,
4/11/2025 10:16,30.72217851,2.533439293,-11.83714255,
4/11/2025 10:30,30.85995921,2.284229921,-11.29102742,
4/11/2025 10:44,30.2183844,2.234467447,-11.96008517,
4/11/2025 10:59,30.39630903,2.105861837,-11.3309559,
4/11/2025 11:13,30.79293364,2.632546111,-11.04083453,
4/11/2025 11:28,30.51035662,2.325080489,-11.30452974,
4/11/2025 11:42,30.00982013,2.287382297,-11.53195145,
4/11/2025 11:56,30.54479345,2.615496197,-11.74056599,
4/11/2025 12:11,30.68729128,2.502228632,-11.81965107,
4/11/2025 12:25,30.94037744,2.462660872,-11.26968113,
4/11/2025 12:40,30.21858705,2.956359366,-11.62158052,
4/11/2025 12:54,30.49113581,2.568361915,-11.12424246,
4/11/2025 13:08,30.43187853,2.480455981,-11.4335731,
4/11/2025 13:23,30.72819643,2.476358433,-11.05443393,
4/11/2025 13:37,30.64129337,2.590532673,-11.36593483,
4/11/2025 13:52,30.73920315,2.043113143,-11.4477749,
4/11/2025 14:06,30.99316999,2.968460543,-11.37855134,
4/11/2025 14:20,30.08787788,2.863108829,-11.01512588,
4/11/2025 14:35,30.53055178,2.572833494,-11.81270084,
4/11/2025 14:49,30.90522098,2.43118182,-11.07244247,
4/11/2025 15:04,30.20714741,2.278843622,-11.88127756,
4/11/2025 15:18,30.03825301,2.052439522,-11.59127051,
4/11/2025 15:32,30.05425918,2.459786783,-11.83293888,
4/11/2025 15:47,30.10993555,2.037143755,-11.25217916,
4/11/2025 16:01,30.58919125,2.061745708,-11.53646622,
4/11/2025 16:16,30.05823094,2.579023145,-11.42338727,
4/11/2025 16:30,30.64194814,2.736007957,-11.59595711,
4/11/2025 16:44,30.99535018,2.855514694,-11.52480615,
4/11/2025 16:59,30.23330882,2.772928683,-11.92064099,
4/11/2025 17:13,30.97693018,2.2276451,-11.29281453,
4/11/2025 17:28,30.81243655,2.788036829,-11.74476272,
4/11/2025 17:42,30.23054573,2.365520724,-11.30375795,
4/11/2025 17:56,30.44420167,2.620987479,-11.42662021,
4/11/2025 18:11,30.50262967,2.204176354,-11.18982253,
4/11/2025 18:25,30.52721822,2.851055704,-11.16774495,
4/11/2025 18:40,30.13898183,2.765890849,-11.34122027,
4/11/2025 18:54,30.08350948,2.468266868,-11.79622752,
4/11/2025 19:08,30.99911224,2.560507883,-11.33408705,
4/11/2025 19:23,30.05169939,2.270050671,-11.09900792,
4/11/2025 19:37,30.40355315,2.390992851,-11.78199271,
4/11/2025 19:52,30.08358052,2.546761293,-11.5424133,
4/11/2025 20:06,30.28312526,2.45742339,-11.03104489,
4/11/2025 20:20,30.63888251,2.591374131,-11.25844839,
4/11/2025 20:35,30.98410188,2.591617279,-11.41545953,
4/11/2025 20:49,30.13262485,2.869053974,-11.38992981,
4/11/2025 21:04,30.24806018,2.526964943,-11.20794461,
4/11/2025 21:18,30.46263969,2.490174248,-11.36464953,
4/11/2025 21:32,30.23673328,2.554426755,-11.7197319,
4/11/2025 21:47,30.05690161,2.234291588,-11.09621228,
4/11/2025 22:01,30.53247398,2.798095085,-11.34447125,
4/11/2025 22:16,30.58987699,2.580943434,-11.93533124,
4/11/2025 22:30,30.44020417,2.410841066,-11.65567542,
4/11/2025 22:44,30.92402148,2.989207573,-11.73654942,
4/11/2025 22:59,30.53781699,2.836196605,-11.75195384,
4/11/2025 23:13,30.19706286,2.89223327,-11.39108098,
4/11/2025 23:28,30.9488808,2.004905398,-11.75269061,
4/11/2025 23:42,30.49177211,2.047220141,-11.14949193,
4/11/2025 23:56,30.78011458,2.472785264,-11.06021776,
4/12/2025 0:11,30.6182761,2.245392078,-11.25758652,
4/12/2025 0:25,30.82991734,2.552834837,-11.70314416,
4/12/2025 0:40,30.54696475,2.831913556,-11.22393812,
4/12/2025 0:54,30.31283822,2.398802309,-11.54731073,
4/12/2025 1:08,30.57255259,2.285223434,-11.68353566,
4/12/2025 1:23,30.75957084,2.52057319,-11.32791107,
4/12/2025 1:37,30.40776211,2.043727393,-11.09216009,
4/12/2025 1:52,30.48693245,2.913414232,-11.2570053,
4/12/2025 2:06,30.89580265,2.777054903,-11.43322748,
4/12/2025 2:20,30.68144466,2.778936052,-11.51556816,
4/12/2025 2:35,30.9458728,2.849509474,-11.37324284,
4/12/2025 2:49,30.90982725,2.527026808,-11.94270012,
4/12/2025 3:04,30.97068403,2.869279676,-11.03798827,
4/12/2025 3:18,30.67869501,2.148867553,-11.88023335,
4/12/2025 3:32,30.10370112,2.472207249,-11.5073437,
4/12/2025 3:47,30.9835605,2.068174874,-11.79095711,
4/12/2025 4:01,30.76982033,2.494524777,-11.67166279,
4/12/2025 4:16,30.33677035,2.285933893,-11.02568596,
4/12/2025 4:30,30.56435939,2.474815072,-11.16834526,
4/12/2025 4:44,30.32804542,2.95614612,-11.98719679,
4/12/2025 4:59,30.27274914,2.723188075,-11.23073555,
4/12/2025 5:13,30.59891854,2.636009731,-11.92750826,
4/12/2025 5:28,30.12892724,2.209832032,-11.70633816,
4/12/2025 5:42,30.22193046,2.932100221,-11.41953413,
4/12/2025 5:56,30.78111789,2.328719939,-11.09337669,
4/12/2025 6:11,30.41483889,2.690871043,-11.56762255,
4/12/2025 6:25,30.31394415,2.759829887,-11.77264803,
4/12/2025 6:40,30.7120725,2.607711698,-11.9551482,
4/12/2025 6:54,30.55725564,2.786598396,-11.53954192,
4/12/2025 7:08,30.98832831,2.544763479,-11.73556678,
4/12/2025 7:23,30.05586546,2.489304066,-11.42335304,
4/12/2025 7:37,30.1244761,2.724024347,-11.50154577,
4/12/2025 7:52,30.30186876,2.442596148,-11.96585405,
4/12/2025 8:06,30.67270471,2.998076,-11.05444665,
4/12/2025 8:20,30.14619573,2.501038678,-11.92538943,
4/12/2025 8:35,30.67849385,2.48220968,-11.242486,
4/12/2025 8:49,30.57127714,2.504526947,-11.27828079,
4/12/2025 9:04,30.52240168,2.737886311,-11.10414126,
4/12/2025 9:18,30.39339677,2.440925491,-11.04836861,
4/12/2025 9:32,30.15480618,2.878404175,-11.60835088,
4/12/2025 9:47,30.77311607,2.69101024,-11.30535508,
4/12/2025 10:01,30.37145095,2.409441539,-11.0440829,
4/12/2025 10:16,30.88021147,2.898700962,-11.8493694,
4/12/2025 10:30,30.29397057,2.746663242,-11.35711687,
4/12/2025 10:44,30.25925976,2.901998265,-11.98631801,
4/12/2025 10:59,30.48128309,2.378440287,-11.41904943,
4/12/2025 11:13,30.73038602,2.041808528,-11.29222129,
4/12/2025 11:28,30.5818645,2.695927959,-11.81145632,
4/12/2025 11:42,30.5553796,2.300210905,-11.88704244,
4/12/2025 11:56,30.78304292,2.931236008,-11.60166637,
4/12/2025 12:11,30.3264633,2.307725258,-11.31977463,
4/12/2025 12:25,30.56154667,2.410949477,-11.80948685,
4/12/2025 12:40,30.31297857,2.799541784,-11.38782838,
4/12/2025 12:54,30.58305174,2.11806709,-11.84883555,
4/12/2025 13:08,30.29572474,2.981903786,-11.20024335,
4/12/2025 13:23,30.03448358,2.360345832,-11.84360657,
4/12/2025 13:37,30.25046831,2.433460114,-11.14861263,
4/12/2025 13:52,30.31298811,2.778937053,-11.09463645,
4/12/2025 14:06,30.07072662,2.351396091,-11.29552051,
4/12/2025 14:20,30.85040209,2.904535436,-11.60295914,
4/12/2025 14:35,30.66467302,2.265204673,-11.77544822,
4/12/2025 14:49,30.20310814,2.352225425,-11.0823498,
4/12/2025 15:04,30.54970336,2.345853431,-11.04888467,
4/12/2025 15:18,30.7456264,2.922192348,-11.50132413,
4/12/2025 15:32,30.22038252,2.000910975,-11.15854945,
4/12/2025 15:47,30.88598819,2.401733769,-11.62215685,
4/12/2025 16:01,30.07175451,2.567035186,-11.54771381,
4/12/2025 16:16,30.00468455,2.081816047,-11.89057639,
4/12/2025 16:30,30.80193023,2.521979878,-11.27892865,
4/12/2025 16:44,30.43189277,2.451482592,-11.5040551,
4/12/2025 16:59,30.20556573,2.243538809,-11.88105528,
4/12/2025 17:13,30.45148584,2.702475535,-11.69823664,
4/12/2025 17:28,30.93606362,2.142568987,-11.00696409,
4/12/2025 17:42,30.97185277,2.262185345,-11.94991468,
4/12/2025 17:56,30.00439956,2.131597311,-11.83505154,
4/12/2025 18:11,30.06631263,2.229275961,-11.40272783,
4/12/2025 18:25,30.35135588,2.848276687,-11.84789827,
4/12/2025 18:40,30.25740355,2.124301909,-11.59769658,
4/12/2025 18:54,30.92292764,2.430443724,-11.6098834,
4/12/2025 19:08,30.04955943,2.354637191,-11.24095526,
4/12/2025 19:23,30.48145827,2.862118164,-11.60299272,
4/12/2025 19:37,30.0597561,2.557944849,-11.35776107,
4/12/2025 19:52,30.21500114,2.371122551,-11.17341436,
4/12/2025 20:06,30.69662991,2.754583746,-11.86281378,
4/12/2025 20:20,30.81274387,2.366552609,-11.95896653,
4/12/2025 20:35,30.12754919,2.617850744,-11.73999966,
4/12/2025 20:49,30.2360201,2.339380134,-11.34348443,
4/12/2025 21:04,30.99986158,2.344849285,-11.90050118,
4/12/2025 21:18,30.25685377,2.601385661,-11.36241149,
4/12/2025 21:32,30.84403552,2.756846044,-11.81753458,
4/12/2025 21:47,30.83941871,2.645305875,-11.43425069,
4/12/2025 22:01,30.17337009,2.655279081,-11.05617607,
4/12/2025 22:16,30.5170593,2.706187606,-11.6811535,
4/12/2025 22:30,30.94596077,2.703166476,-11.56177608,
4/12/2025 22:44,30.41577387,2.738931904,-11.43598348,
4/12/2025 22:59,30.41651033,2.922981257,-11.80960135,
4/12/2025 23:13,30.25071961,2.817016072,-11.2767703,
4/12/2025 23:28,30.77102259,2.765038261,-11.68221813,
4/12/2025 23:42,30.54905794,2.883995727,-11.67426972,
4/12/2025 23:56,30.25319691,2.886439923,-11.7497561,
4/13/2025 0:11,30.54632385,2.83379621,-11.26548597,
4/13/2025 0:25,30.55107861,2.046500417,-11.66511824,
4/13/2025 0:40,30.16715287,2.708359415,-11.61210544,
4/13/2025 0:54,30.75656558,2.180477475,-11.3184705,
4/13/2025 1:08,30.55829596,2.14839284,-11.60993371,
4/13/2025 1:23,30.43317605,2.690195733,-11.55120016,
4/13/2025 1:37,30.23980972,2.339289413,-11.34362574,
4/13/2025 1:52,30.6641277,2.790717898,-11.34715285,
4/13/2025 2:06,30.20401469,2.31534838,-11.10553911,
4/13/2025 2:20,30.29879121,2.002140069,-11.01898949,
4/13/2025 2:35,30.41081172,2.904966957,-11.96980649,
4/13/2025 2:49,30.7313183,2.987820054,-11.135544,
4/13/2025 3:04,30.27127994,2.968292599,-11.83113024,
4/13/2025 3:18,30.0217532,2.670005109,-11.08539399,
4/13/2025 3:32,30.47880701,2.3949525,-11.59261675,
4/13/2025 3:47,30.41027375,2.50134947,-11.67057756,
4/13/2025 4:01,30.21664616,2.20846796,-11.8145354,
4/13/2025 4:16,30.37157659,2.422869156,-11.56018856,
4/13/2025 4:30,30.27801074,2.596578802,-11.1709663,
4/13/2025 4:44,30.63245027,2.285871041,-11.75006272,
4/13/2025 4:59,30.09121582,2.462478362,-11.91215049,
4/13/2025 5:13,30.02756635,2.702769698,-11.17466603,
4/13/2025 5:28,30.77589204,2.435734029,-11.01037477,
4/13/2025 5:42,30.55723317,2.954684712,-11.27103085,
4/13/2025 5:56,30.98032987,2.153274766,-11.7617251,
4/13/2025 6:11,30.77834309,2.523186957,-11.96801821,
4/13/2025 6:25,30.78709478,2.876904883,-11.06659257,
4/13/2025 6:40,30.06482437,2.469926847,-11.34327026,
4/13/2025 6:54,30.5627598,2.612434926,-11.92291897,
4/13/2025 7:08,30.11494311,2.450331896,-11.75787335,
4/13/2025 7:23,30.36492437,2.030006359,-11.92009206,
4/13/2025 7:37,30.97653371,2.245581969,-11.02914292,
4/13/2025 7:52,30.05659312,2.943375402,-11.46807998,
4/13/2025 8:06,30.84120283,2.100865439,-11.17530689,
4/13/2025 8:20,30.45360162,2.043957311,-11.73490185,
4/13/2025 8:35,30.9104622,2.45365042,-11.76981951,
4/13/2025 8:49,30.44270836,2.669463914,-11.11210844,
4/13/2025 9:04,30.60008149,2.136779377,-11.33023949,
4/13/2025 9:18,30.90841216,2.689783647,-11.61803916,
4/13/2025 9:32,30.70214961,2.04609233,-11.21572151,
4/13/2025 9:47,30.95482544,2.069537217,-11.82823788,
4/13/2025 10:01,30.80250256,2.159742013,-11.84382841,
4/13/2025 10:16,30.83505739,2.914028459,-11.5978549,
4/13/2025 10:30,30.89213245,2.236613439,-11.11999255,
4/13/2025 10:44,30.4373841,2.721883737,-11.31477049,
4/13/2025 10:59,30.69837587,2.946126125,-11.78581506,
4/13/2025 11:13,30.92482537,2.035738652,-11.70226106,
4/13/2025 11:28,30.01938547,2.464275768,-11.1820356,
4/13/2025 11:42,30.73483589,2.302688348,-11.85208569,
4/13/2025 11:56,30.33960567,2.021958053,-11.14842587,
4/13/2025 12:11,30.87375273,2.828815582,-11.88939791,
4/13/2025 12:25,30.0058523,2.930497599,-11.60101497,
4/13/2025 12:40,30.00668761,2.00561877,-11.52212742,
4/13/2025 12:54,30.09493478,2.576626574,-11.04191542,
4/13/2025 13:08,30.9924827,2.905310522,-11.31999246,
4/13/2025 13:23,30.81472908,2.859362789,-11.24684219,
4/13/2025 13:37,30.10931144,2.687482206,-11.62322637,
4/13/2025 13:52,30.49418955,2.71679865,-11.25453606,
4/13/2025 14:06,30.85047804,2.226113211,-11.74556285,
4/13/2025 14:20,30.74252473,2.515268302,-11.22840115,
4/13/2025 14:35,30.21083219,2.900313787,-11.50103097,
4/13/2025 14:49,30.48029377,2.515702725,-11.26378099,
4/13/2025 15:04,30.46545405,2.708751115,-11.57945126,
4/13/2025 15:18,30.71621434,2.77571993,-11.11910389,
4/13/2025 15:32,30.15975075,2.939384021,-11.99508994,
4/13/2025 15:47,30.11022589,2.888153804,-11.098365,
4/13/2025 16:01,30.13269985,2.139370767,-11.12603001,
4/13/2025 16:16,30.28695395,2.440882988,-11.94482282,
4/13/2025 16:30,30.5863382,2.858824793,-11.13313181,
4/13/2025 16:44,30.40994356,2.402802884,-11.09517424,
4/13/2025 16:59,30.60059392,2.985382397,-11.59119435,
4/13/2025 17:13,30.83769435,2.652190343,-11.02170421,
4/13/2025 17:28,30.56362643,2.230781336,-11.89118674,
4/13/2025 17:42,30.0241856,2.922010373,-11.37847857,
4/13/2025 17:56,30.80040364,2.406752788,-11.54153688,
4/13/2025 18:11,30.70754972,2.65278878,-11.20986847,
4/13/2025 18:25,30.16375139,2.376464179,-11.41480685,
4/13/2025 18:40,30.81109056,2.322506172,-11.07169921,
4/13/2025 18:54,30.26023249,2.468965988,-11.03529725,
4/13/2025 19:08,30.18780138,2.343474254,-11.41552763,
4/13/2025 19:23,30.28134129,2.55030494,-11.9071537,
4/13/2025 19:37,30.84925615,2.74283413,-11.11484284,
4/13/2025 19:52,30.86224104,2.67044029,-11.6653507,
4/13/2025 20:06,30.67346574,2.21817177,-11.18023038,
4/13/2025 20:20,30.6798211,2.687624068,-11.76318226,
4/13/2025 20:35,30.24248106,2.083146627,-11.54000191,
4/13/2025 20:49,30.07317749,2.515891416,-11.10845018,
4/13/2025 21:04,30.65443351,2.189510908,-11.48449099,
4/13/2025 21:18,30.38974801,2.63881336,-11.26816738,
4/13/2025 21:32,30.11789558,2.578523322,-11.36542674,
4/13/2025 21:47,30.13183116,2.827732974,-11.2021835,
4/13/2025 22:01,30.11497343,2.338306718,-11.61338906,
4/13/2025 22:16,30.16117047,2.07612403,-11.7410228,
4/13/2025 22:30,30.12659624,2.459036305,-11.37509325,
4/13/2025 22:44,30.21521135,2.108185459,-11.84950064,
4/13/2025 22:59,30.3940909,2.546839232,-11.39106291,
4/13/2025 23:13,30.44374036,2.501487981,-11.32431713,
4/13/2025 23:28,30.19249041,2.331942259,-11.77279638,
4/13/2025 23:42,30.95740351,2.960177412,-11.65829811,
4/13/2025 23:56,30.17845382,2.817003798,-11.26894108,
4/14/2025 0:11,30.89413917,2.259130626,-11.00950864,
4/14/2025 0:25,30.12597008,2.433566819,-11.20265896,
4/14/2025 0:40,30.17139694,2.90856769,-11.34813608,
4/14/2025 0:54,30.31936962,2.656432769,-11.19598498,
4/14/2025 1:08,30.22625515,2.028365758,-11.97312213,
4/14/2025 1:23,30.56258812,2.207339644,-11.75180503,
4/14/2025 1:37,30.73110317,2.257108988,-11.19285637,
4/14/2025 1:52,30.17187144,2.626284817,-11.80354118,
4/14/2025 2:06,30.39261668,2.534351197,-11.36110831,
4/14/2025 2:20,30.11155559,2.537177238,-11.63500981,
4/14/2025 2:35,30.07530674,2.433540453,-11.08684963,
4/14/2025 2:49,30.59273885,2.346480793,-11.87427273,
4/14/2025 3:04,30.3398166,2.744949793,-11.90558869,
4/14/2025 3:18,30.84786872,2.050472867,-11.45649068,
4/14/2025 3:32,30.92957232,2.273862491,-11.42935753,
4/14/2025 3:47,30.81748906,2.766685311,-11.07891718,
4/14/2025 4:01,30.46574551,2.617098393,-11.79420971,
4/14/2025 4:16,30.88193297,2.183709516,-11.47368644,
4/14/2025 4:30,30.16442775,2.103763272,-11.309868,
4/14/2025 4:44,30.3428545,2.368240115,-11.92494079,
4/14/2025 4:59,30.63739486,2.436479987,-11.36639295,
4/14/2025 5:13,30.68890666,2.584754536,-11.01123552,
4/14/2025 5:28,30.95498107,2.495997589,-11.95503889,
4/14/2025 5:42,30.20264481,2.911358132,-11.53028322,
4/14/2025 5:56,30.78366186,2.920404478,-11.51522033,
4/14/2025 6:11,30.2246626,2.943566496,-11.27616573,
4/14/2025 6:25,30.962807,2.961542089,-11.74224723,
4/14/2025 6:40,30.24975954,2.768428428,-11.41839461,
4/14/2025 6:54,30.75512258,2.355079567,-11.15205442,
4/14/2025 7:08,30.82389507,2.770962618,-11.23355553,
4/14/2025 7:23,30.86345051,2.720732045,-11.37615531,
4/14/2025 7:37,30.07323046,2.687864835,-11.56298262,
4/14/2025 7:52,30.16054529,2.19699623,-11.52883242,
4/14/2025 8:06,30.55116762,2.263843622,-11.60663274,
4/14/2025 8:20,30.76294911,2.503330449,-11.2235817,
4/14/2025 8:35,30.88877251,2.776775204,-11.24037103,
4/14/2025 8:49,30.53499619,2.054234853,-11.58196045,
4/14/2025 9:04,30.47248492,2.193643276,-11.32899166,
4/14/2025 9:18,30.55465168,2.543469044,-11.48348158,
4/14/2025 9:32,30.91974914,2.841827013,-11.83743321,
4/14/2025 9:47,30.60933579,2.941314261,-11.63250576,
4/14/2025 10:01,30.36360428,2.575505685,-11.48853915,
4/14/2025 10:16,30.90362323,2.362807762,-11.77373864,
4/14/2025 10:30,30.68855847,2.431390554,-11.9478387,
4/14/2025 10:44,30.07514581,2.265599243,-11.55654025,
4/14/2025 10:59,30.73366726,2.60887928,-11.07339403,
4/14/2025 11:13,30.39654336,2.213383629,-11.95356483,
4/14/2025 11:28,30.56375146,2.73763034,-11.81130192,
4/14/2025 11:42,30.86406171,2.383494256,-11.56285363,
4/14/2025 11:56,30.93030411,2.893365164,-11.5282063,
4/14/2025 12:11,30.23164972,2.706278852,-11.13800454,
4/14/2025 12:25,30.60443939,2.051178632,-11.9105394,
4/14/2025 12:40,30.03619168,2.150212153,-11.27216209,
4/14/2025 12:54,30.75719396,2.559524419,-11.0738236,
4/14/2025 13:08,30.68673715,2.88825243,-11.9057874,
4/14/2025 13:23,30.34080297,2.217744515,-11.87496865,
4/14/2025 13:37,30.46052763,2.239244526,-11.72766586,
4/14/2025 13:52,30.59871783,2.623087009,-11.01819185,
4/14/2025 14:06,30.8723505,2.603230278,-11.11429664,
4/14/2025 14:20,30.11356276,2.884673391,-11.00276422,
4/14/2025 14:35,30.78364077,2.576968619,-11.80950038,
4/14/2025 14:49,30.44164572,2.35566067,-11.6806931,
4/14/2025 15:04,30.31561339,2.524006826,-11.38384533,
4/14/2025 15:18,30.40361181,2.01989718,-11.42747174,
4/14/2025 15:32,30.40082426,2.907325023,-11.89882191,
4/14/2025 15:47,30.15354488,2.395317556,-11.58334011,
4/14/2025 16:01,30.30528896,2.357954126,-11.57090256,
4/14/2025 16:16,30.94058223,2.056918112,-11.26327305,
4/14/2025 16:30,30.53518794,2.281354794,-11.77372813,
4/14/2025 16:44,30.13184001,2.804889907,-11.59233508,
4/14/2025 16:59,30.16209168,2.919878969,-11.85758555,
4/14/2025 17:13,30.83338145,2.7032592,-11.52290281,
4/14/2025 17:28,30.87660131,2.867299286,-11.11930366,
4/14/2025 17:42,30.63161835,2.076643769,-11.9074219,
4/14/2025 17:56,30.63117172,2.602717155,-11.03735956,
4/14/2025 18:11,30.19377074,2.769857786,-11.62127461,
4/14/2025 18:25,30.46947,2.218432115,-11.0950527,
4/14/2025 18:40,30.90930124,2.713934866,-11.99386104,
4/14/2025 18:54,30.66330655,2.867980539,-11.13974136,
4/14/2025 19:08,30.81848572,2.342500782,-11.83558574,
4/14/2025 19:23,30.34906815,2.511060735,-11.37801661,
4/14/2025 19:37,30.74023555,2.339284092,-11.50864412,
4/14/2025 19:52,30.26095875,2.009230732,-11.98766646,
4/14/2025 20:06,30.93007942,2.78509743,-11.06527445,
4/14/2025 20:20,30.47018481,2.098527303,-11.7112646,
4/14/2025 20:35,30.35851342,2.340522759,-11.85134673,
4/14/2025 20:49,30.90426608,2.909080812,-11.30344467,
4/14/2025 21:04,30.21451452,2.3776897,-11.2118379,
4/14/2025 21:18,30.38319534,2.08604397,-11.68474567,
4/14/2025 21:32,30.11717273,2.813609058,-11.20051592,
4/14/2025 21:47,30.28749168,2.970145249,-11.99319192,
4/14/2025 22:01,30.19255938,2.601960599,-11.05952707,
4/14/2025 22:16,30.19472462,2.646713526,-11.86128377,
4/14/2025 22:30,30.17265032,2.428882898,-11.79295954,
4/14/2025 22:44,30.50971764,2.776525394,-11.0549859,
4/14/2025 22:59,30.5317258,2.332244843,-11.21968669,
4/14/2025 23:13,30.2469639,2.91138439,-11.3531415,
4/14/2025 23:28,30.75642089,2.021056015,-11.74104919,
4/14/2025 23:42,30.13777838,2.942348514,-11.33938641,
4/14/2025 23:56,30.84370578,2.201763166,-11.09626692,
4/15/2025 0:11,30.21632384,2.97031143,-11.28349876,
4/15/2025 0:25,30.43515824,2.141537966,-11.81907325,
4/15/2025 0:40,30.09603961,2.429960728,-11.81030735,
4/15/2025 0:54,30.8039143,2.837379726,-11.0692178,
4/15/2025 1:08,30.34266622,2.727533929,-11.14693012,
4/15/2025 1:23,30.4128841,2.78088646,-11.84991424,
4/15/2025 1:37,30.74653153,2.389753051,-11.34430269,
4/15/2025 1:52,30.17353351,2.837778648,-11.59858906,
4/15/2025 2:06,30.58664415,2.513826856,-11.23768078,
4/15/2025 2:20,30.67471164,2.870486384,-11.98470638,
4/15/2025 2:35,30.49654294,2.633684541,-11.05457092,
4/15/2025 2:49,30.25314791,2.30787688,-11.05471146,
4/15/2025 3:04,30.48120929,2.850249746,-11.63227791,
4/15/2025 3:18,30.26520067,2.850508401,-11.12597284,
4/15/2025 3:32,30.81784476,2.267755786,-11.32050112,
4/15/2025 3:47,30.21878606,2.394873795,-11.80811374,
4/15/2025 4:01,30.1364295,2.560192595,-11.03146059,
4/15/2025 4:16,30.63818048,2.726794816,-11.35810135,
4/15/2025 4:30,30.21216482,2.029734755,-11.0666322,
4/15/2025 4:44,30.82168541,2.533792408,-11.57871319,
4/15/2025 4:59,30.67567594,2.650805951,-11.82936187,
4/15/2025 5:13,30.80733677,2.438838433,-11.83929965,
4/15/2025 5:28,30.37643737,2.311262507,-11.96000741,
4/15/2025 5:42,30.92767065,2.282977299,-11.46573462,
4/15/2025 5:56,30.2832007,2.025005778,-11.42930611,
4/15/2025 6:11,30.81013892,2.469590123,-11.80175826,
4/15/2025 6:25,30.87285255,2.941517376,-11.34213225,
4/15/2025 6:40,30.97544225,2.092358193,-11.95742309,
4/15/2025 6:54,30.90537221,2.956083679,-11.54588737,
4/15/2025 7:08,30.64132657,2.110927151,-11.62709297,
4/15/2025 7:23,30.78144098,2.721529941,-11.2044656,
4/15/2025 7:37,30.12753154,2.087619452,-11.07238697,
4/15/2025 7:52,30.98077275,2.739507167,-11.7292685,
4/15/2025 8:06,30.69298669,2.826995051,-11.25179283,
4/15/2025 8:20,30.82638799,2.591403293,-11.08316301,
4/15/2025 8:35,30.27333861,2.546387582,-11.85538014,
4/15/2025 8:49,30.10482212,2.169199497,-11.59823678,
4/15/2025 9:04,30.13948868,2.652094819,-11.46926205,
4/15/2025 9:18,30.97163686,2.828459698,-11.5486687,
4/15/2025 9:32,30.44611501,2.852176589,-11.80039519,
4/15/2025 9:47,30.655893,2.221193863,-11.51452806,
4/15/2025 10:01,30.97700011,2.536428703,-11.51225058,
4/15/2025 10:16,30.82905887,2.645542006,-11.84811238,
4/15/2025 10:30,30.00057402,2.196423709,-11.67658808,
4/15/2025 10:44,30.90490083,2.015503657,-11.48463644,
4/15/2025 10:59,30.55028803,2.949757216,-11.74592664,
4/15/2025 11:13,30.84407549,2.241672064,-11.51808608,
4/15/2025 11:28,30.13006284,2.571497247,-11.35751166,
4/15/2025 11:42,30.3999873,2.364017859,-11.10469377,
4/15/2025 11:56,30.31743618,2.652098549,-11.23360831,
4/15/2025 12:11,30.37401767,2.298813741,-11.51246054,
4/15/2025 12:25,30.94596189,2.653441409,-11.66829047,
4/15/2025 12:40,30.27870202,2.597520122,-11.90314485,
4/15/2025 12:54,30.61812846,2.062288416,-11.52597522,
4/15/2025 13:08,30.91037268,2.029025683,-11.59859493,
4/15/2025 13:23,30.09048052,2.640872686,-11.53352545,
4/15/2025 13:37,30.56265042,2.853281466,-11.24753264,
4/15/2025 13:52,30.43321406,2.757391839,-11.36545828,
4/15/2025 14:06,30.06708257,2.956656791,-11.85172226,
4/15/2025 14:20,30.53920399,2.881958741,-11.35389238,
4/15/2025 14:35,30.45787546,2.866990914,-11.08468119,
4/15/2025 14:49,30.51349175,2.686141647,-11.68875521,
4/15/2025 15:04,30.34761551,2.68243801,-11.5010624,
4/15/2025 15:18,30.30635317,2.314771877,-11.36734922,
4/15/2025 15:32,30.05982846,2.930922426,-11.26878592,
4/15/2025 15:47,30.63963629,2.025606153,-11.9523795,
4/15/2025 16:01,30.04095031,2.752713243,-11.74201848,
4/15/2025 16:16,30.45712236,2.814082248,-11.33812639,
4/15/2025 16:30,30.52497153,2.816503462,-11.54813519,
4/15/2025 16:44,30.88064284,2.652628414,-11.70368757,
4/15/2025 16:59,30.27099181,2.287629869,-11.5620833,
4/15/2025 17:13,30.95277446,2.201552103,-11.53775692,
4/15/2025 17:28,30.0569403,2.106499165,-11.45207606,
4/15/2025 17:42,30.82377144,2.900779969,-11.59376495,
4/15/2025 17:56,30.1264159,2.299528052,-11.64057574,
4/15/2025 18:11,30.12147273,2.587169759,-11.6246054,
4/15/2025 18:25,30.87035823,2.882877352,-11.13636422,
4/15/2025 18:40,30.01058804,2.936830559,-11.40820274,
4/15/2025 18:54,30.06579764,2.172999883,-11.5809925,
4/15/2025 19:08,30.02215498,2.907382725,-11.73970239,
4/15/2025 19:23,30.58855483,2.973632432,-11.42586194,
4/15/2025 19:37,30.33029944,2.591628899,-11.59608705,
4/15/2025 19:52,30.40475216,2.622295975,-11.81176187,
4/15/2025 20:06,30.86484633,2.070402676,-11.30230412,
4/15/2025 20:20,30.39309162,2.966543631,-11.16151132,
4/15/2025 20:35,30.9825199,2.347698946,-11.93525233,
4/15/2025 20:49,30.70721391,2.816005919,-11.99073854,
4/15/2025 21:04,30.99603321,2.897768289,-11.97423843,
4/15/2025 21:18,30.91445027,2.966243233,-11.81831927,
4/15/2025 21:32,30.32175855,2.284621541,-11.21231068,
4/15/2025 21:47,30.39529782,2.074672154,-11.37992933,
4/15/2025 22:01,30.51257439,2.023736398,-11.53239681,
4/15/2025 22:16,30.99630402,2.405304298,-11.07921626,
4/15/2025 22:30,30.95432366,2.42240192,-11.40977879,
4/15/2025 22:44,30.43744136,2.789966311,-11.8665743,
4/15/2025 22:59,30.42293566,2.972673115,-11.90050329,
4/15/2025 23:13,30.55977242,2.573787477,-11.29003629,
4/15/2025 23:28,30.42712634,2.305420964,-11.86272328,
4/15/2025 23:42,30.60949801,2.074608852,-11.76142002,
4/15/2025 23:56,30.14292268,2.434289792,-11.15260607,
4/16/2025 0:11,30.53723969,2.553086607,-11.19036581,
4/16/2025 0:25,30.74482982,2.879780563,-11.80554059,
4/16/2025 0:40,30.00808455,2.508895713,-11.93994799,
4/16/2025 0:54,30.84656816,2.272910582,-11.18434914,
4/16/2025 1:08,30.83217236,2.568656812,-11.11786362,
4/16/2025 1:23,30.63710884,2.819226346,-11.17397569,
4/16/2025 1:37,30.63971036,2.86981263,-11.65755374,
4/16/2025 1:52,30.14916132,2.039680762,-11.52429269,
4/16/2025 2:06,30.44252599,2.431441716,-11.49267266,
4/16/2025 2:20,30.38476075,2.760791741,-11.41504315,
4/16/2025 2:35,30.15005198,2.474768121,-11.93052467,
4/16/2025 2:49,30.39879994,2.652985347,-11.04337103,
4/16/2025 3:04,30.54697798,2.554779104,-11.00752509,
4/16/2025 3:18,30.10937153,2.06554026,-11.17345968,
4/16/2025 3:32,30.43240871,2.349321765,-11.3468172,
4/16/2025 3:47,30.75248691,2.802463069,-11.40047815,
4/16/2025 4:01,30.80589223,2.775752331,-11.85580166,
4/16/2025 4:16,30.85363816,2.617175953,-11.55534075,
4/16/2025 4:30,30.32878063,2.323806865,-11.92411744,
4/16/2025 4:44,30.7073253,2.32316526,-11.74762739,
4/16/2025 4:59,30.7568753,2.70915127,-11.72578797,
4/16/2025 5:13,30.8053084,2.716787379,-11.71100101,
4/16/2025 5:28,30.9762439,2.192385427,-11.20885328,
4/16/2025 5:42,30.01513468,2.223185606,-11.22508933,
4/16/2025 5:56,30.5673747,2.144838359,-11.76799713,
4/16/2025 6:11,30.87530402,2.445428959,-11.64492129,
4/16/2025 6:25,30.15485452,2.112927543,-11.97033643,
4/16/2025 6:40,30.4253046,2.367397858,-11.60010648,
4/16/2025 6:54,30.38186541,2.628173206,-11.5317276,
4/16/2025 7:08,30.29730731,2.69883231,-11.6072443,
4/16/2025 7:23,30.32461151,2.974938617,-11.77234325,
4/16/2025 7:37,30.46099001,2.898138886,-11.71602049,
4/16/2025 7:52,30.04339073,2.495666191,-11.04338695,
4/16/2025 8:06,30.17202304,2.375239577,-11.02800075,
4/16/2025 8:20,30.1159087,2.316112814,-11.33167596,
4/16/2025 8:35,30.58764391,2.591641475,-11.79295061,
4/16/2025 8:49,30.97650759,2.810212976,-11.38127316,
4/16/2025 9:04,30.308638,2.832404854,-11.36188319,
4/16/2025 9:18,30.89977108,2.940960723,-11.92439235,
4/16/2025 9:32,30.56679047,2.33058212,-11.16112802,
4/16/2025 9:47,30.08919268,2.186850398,-11.04221518,
4/16/2025 10:01,30.53830998,2.140100056,-11.56517615,
4/16/2025 10:16,30.34377622,2.847832848,-11.51681795,
4/16/2025 10:30,30.79100489,2.235036727,-11.24987656,
4/16/2025 10:44,30.39700112,2.226116782,-11.7291958,
4/16/2025 10:59,30.56061557,2.097258542,-11.73834844,
4/16/2025 11:13,30.50669048,2.296331292,-11.88549284,
4/16/2025 11:28,30.54899665,2.081359069,-11.9892977,
4/16/2025 11:42,30.69790041,2.672641884,-11.2163993,
4/16/2025 11:56,30.3902757,2.829067905,-11.81571908,
4/16/2025 12:11,30.89932433,2.091510047,-11.29657097,
4/16/2025 12:25,30.38404384,2.316685751,-11.7629754,
4/16/2025 12:40,30.0649544,2.338065268,-11.92944887,
4/16/2025 12:54,30.60296434,2.498477865,-11.348528,
4/16/2025 13:08,30.70200533,2.392994463,-11.75548744,
4/16/2025 13:23,30.19288497,2.148285248,-11.2515676,
4/16/2025 13:37,30.9792583,2.505019171,-11.89372041,
4/16/2025 13:52,30.37424986,2.88796786,-11.65991261,
4/16/2025 14:06,30.06825685,2.948234927,-11.51018795,
4/16/2025 14:20,30.50690341,2.165103074,-11.54088247,
4/16/2025 14:35,30.99293225,2.714375389,-11.65084058,
4/16/2025 14:49,30.47912973,2.038969689,-11.06747025,
4/16/2025 15:04,30.16021523,2.582272252,-11.27865851,
4/16/2025 15:18,30.39245161,2.083294153,-11.81902312,
4/16/2025 15:32,30.56562323,2.725487303,-11.26230164,
4/16/2025 15:47,30.07361809,2.769602152,-11.7679145,
4/16/2025 16:01,30.38605456,2.165410514,-11.31554652,
4/16/2025 16:16,30.87013418,2.644411126,-11.2858551,
4/16/2025 16:30,30.38738684,2.60092345,-11.56354348,
4/16/2025 16:44,30.82175428,2.135208442,-11.07602048,
4/16/2025 16:59,30.87859983,2.156054106,-11.08971089,
4/16/2025 17:13,30.62679913,2.139980026,-11.92817095,
4/16/2025 17:28,30.51053017,2.287739487,-11.39230288,
4/16/2025 17:42,30.15209446,2.490261526,-11.01902505,
4/16/2025 17:56,30.62220963,2.242017407,-11.69976429,
4/16/2025 18:11,30.64238184,2.706080129,-11.48157529,
4/16/2025 18:25,30.78454141,2.302543983,-11.48535536,
4/16/2025 18:40,30.55611929,2.354196426,-11.10743975,
4/16/2025 18:54,30.46719958,2.181364366,-11.96575461,
4/16/2025 19:08,30.47838615,2.701312921,-11.86253751,
4/16/2025 19:23,30.34648205,2.968945009,-11.5051701,
4/16/2025 19:37,30.208271,2.551138982,-11.81260462,
4/16/2025 19:52,30.86337374,2.078722753,-11.70394848,
4/16/2025 20:06,30.41764574,2.251168728,-11.63860235,
4/16/2025 20:20,30.68339857,2.396537507,-11.55486926,
4/16/2025 20:35,30.05062517,2.952270694,-11.00885416,
4/16/2025 20:49,30.12283098,2.83669085,-11.83241476,
4/16/2025 21:04,30.23006472,2.08768603,-11.97720519,
4/16/2025 21:18,30.15540305,2.752877875,-11.05737034,
4/16/2025 21:32,30.05330401,2.204304233,-11.41398833,
4/16/2025 21:47,30.90082055,2.481454231,-11.4789666,
4/16/2025 22:01,30.9415982,2.854934092,-11.31014203,
4/16/2025 22:16,30.86175153,2.5040544,-11.51416585,
4/16/2025 22:30,30.20295377,2.783392364,-11.0034398,
4/16/2025 22:44,30.45471955,2.372149822,-11.89673303,
4/16/2025 22:59,30.51841127,2.0902586,-11.87018662,
4/16/2025 23:13,30.21837077,2.114206496,-11.93974691,
4/16/2025 23:28,30.98502197,2.293697055,-11.82359542,
4/16/2025 23:42,30.76648589,2.74948293,-11.70747141,
4/16/2025 23:56,30.08555453,2.172768796,-11.69640387,
4/17/2025 0:11,30.47706122,2.351017731,-11.71404208,
4/17/2025 0:25,30.87996232,2.058093334,-11.67891646,
4/17/2025 0:40,30.30441697,2.241234443,-11.47847286,
4/17/2025 0:54,30.26860428,2.457890127,-11.6180083,
4/17/2025 1:08,30.29654026,2.819182576,-11.13847189,
4/17/2025 1:23,30.43850159,2.183427279,-11.27455154,
4/17/2025 1:37,30.05251602,2.767170967,-11.99090246,
4/17/2025 1:52,30.1087489,2.846970521,-11.61644321,
4/17/2025 2:06,30.56982717,2.734245785,-11.39405074,
4/17/2025 2:20,30.92220095,2.079990936,-11.79652275,
4/17/2025 2:35,30.27241981,2.312662215,-11.80531566,
4/17/2025 2:49,30.80884559,2.28103591,-11.88999983,
4/17/2025 3:04,30.01261552,2.295894059,-11.44808287,
4/17/2025 3:18,30.41747131,2.620713198,-11.70335836,
4/17/2025 3:32,30.06559824,2.737948083,-11.08663146,
4/17/2025 3:47,30.01593903,2.452481446,-11.18311419,
4/17/2025 4:01,30.14478448,2.999796094,-11.67385925,
4/17/2025 4:16,30.48811004,2.620250708,-11.11839161,
4/17/2025 4:30,30.03416824,2.423687774,-11.27410802,
4/17/2025 4:44,30.15886727,2.812137678,-11.68651399,
4/17/2025 4:59,30.68395917,2.431391655,-11.51231048,
4/17/2025 5:13,30.27868578,2.19823496,-11.76276623,
4/17/2025 5:28,30.81973151,2.061906603,-11.2446371,
4/17/2025 5:42,30.12927435,2.944282008,-11.22506444,
4/17/2025 5:56,30.05797889,2.420130218,-11.98320612,
4/17/2025 6:11,30.64267494,2.743698279,-11.29495726,
4/17/2025 6:25,30.15950192,2.358363914,-11.72015279,
4/17/2025 6:40,30.73589645,2.952003087,-11.4803009,
4/17/2025 6:54,30.6513724,2.749945918,-11.51803746,
4/17/2025 7:08,30.45340835,2.455451791,-11.41143623,
4/17/2025 7:23,30.70199246,2.604752383,-11.04258087,
4/17/2025 7:37,30.82144846,2.522915618,-11.19989753,
4/17/2025 7:52,30.38246257,2.680784427,-11.64473543,
4/17/2025 8:06,30.66402396,2.315002251,-11.0792005,
4/17/2025 8:20,30.56906865,2.757947823,-11.99756169,
4/17/2025 8:35,30.98125672,2.449783199,-11.65112761,
4/17/2025 8:49,30.98799124,2.170384301,-11.15236275,
4/17/2025 9:04,30.5770255,2.025242572,-11.49733799,
4/17/2025 9:18,30.12535298,2.050931764,-11.52755709,
4/17/2025 9:32,30.07087514,2.527611005,-11.27617119,
4/17/2025 9:47,30.6660515,2.92263623,-11.23808894,
4/17/2025 10:01,30.58755301,2.419507576,-11.89612777,
4/17/2025 10:16,30.77840732,2.430809558,-11.63677947,
4/17/2025 10:30,30.47546078,2.803384264,-11.84178508,
4/17/2025 10:44,30.11982183,2.54940876,-11.79328936,
4/17/2025 10:59,30.68004296,2.766265943,-11.62946867,
4/17/2025 11:13,30.48669451,2.904345658,-11.35543806,
4/17/2025 11:28,30.62142707,2.126364723,-11.31644873,
4/17/2025 11:42,30.80021122,2.659462869,-11.76436977,
4/17/2025 11:56,30.38949676,2.324299069,-11.19798668,
4/17/2025 12:11,30.31013365,2.750029768,-11.66426766,
4/17/2025 12:25,30.6370444,2.576824221,-11.29126776,
4/17/2025 12:40,30.63973175,2.70562365,-11.27009275,
4/17/2025 12:54,30.7964359,2.263217257,-11.30547785,
4/17/2025 13:08,30.24515478,2.789276099,-11.55121049,
4/17/2025 13:23,30.38583645,2.670796266,-11.3168402,
4/17/2025 13:37,30.11664324,2.531390673,-11.88013153,
4/17/2025 13:52,30.44555167,2.242278487,-11.68413988,
4/17/2025 14:06,30.33764348,2.63754352,-11.1538053,
4/17/2025 14:20,30.19226687,2.952145971,-11.99459005,
4/17/2025 14:35,30.80136015,2.490511419,-11.38214693,
4/17/2025 14:49,30.78116025,2.148695179,-11.19220555,
4/17/2025 15:04,30.26831073,2.673244165,-11.55752486,
4/17/2025 15:18,30.07052304,2.882060628,-11.70951894,
4/17/2025 15:32,30.0877325,2.920278117,-11.31966401,
4/17/2025 15:47,30.33105174,2.424064564,-11.45974432,
4/17/2025 16:01,30.68950799,2.167441309,-11.85736108,
4/17/2025 16:16,30.69855003,2.424830469,-11.02143532,
4/17/2025 16:30,30.36048956,2.474950485,-11.15237386,
4/17/2025 16:44,30.88660041,2.15049771,-11.02388366,
4/17/2025 16:59,30.6427338,2.542936733,-11.05519593,
